{"runId":"WSEXT-1772188555026-100-300","wsClientsTarget":100,"wsOpenOk":100,"wsOpenFail":0,"sendCountTarget":300,"sendOk":300,"sendFailed":0,"firstDeliveryReceived":300,"firstDeliverySuccessRate":1,"wsFanoutEventsReceived":30000,"wsFanoutExpected":30000,"wsFanoutDeliveryRatio":1,"firstDeliveryLatencyMs":{"p50":3.3153750000000173,"p95":6.43466699999999,"p99":8.518916999999988,"max":9.487916999999925,"min":2.41537500000004,"avg":3.6891209000000025},"parseErrors":0,"durationSec":1.641}
