{"runId":"WSEXT-1772188551691-20-300","wsClientsTarget":20,"wsOpenOk":20,"wsOpenFail":0,"sendCountTarget":300,"sendOk":300,"sendFailed":0,"firstDeliveryReceived":300,"firstDeliverySuccessRate":1,"wsFanoutEventsReceived":6000,"wsFanoutExpected":6000,"wsFanoutDeliveryRatio":1,"firstDeliveryLatencyMs":{"p50":3.6019169999999576,"p95":8.072415999999976,"p99":13.255583999999999,"max":44.78662499999999,"min":2.369957999999997,"avg":4.400044726666666},"parseErrors":0,"durationSec":1.557}
