{"runId":"WSEXT-1772188556769-200-150","wsClientsTarget":200,"wsOpenOk":153,"wsOpenFail":47,"sendCountTarget":150,"sendOk":150,"sendFailed":0,"firstDeliveryReceived":150,"firstDeliverySuccessRate":1,"wsFanoutEventsReceived":22950,"wsFanoutExpected":22950,"wsFanoutDeliveryRatio":1,"firstDeliveryLatencyMs":{"p50":3.4183749999999975,"p95":7.80762500000003,"p99":10.897250000000014,"max":11.487083999999982,"min":2.5052500000000464,"avg":3.9493797066666647},"parseErrors":0,"durationSec":1.051}
