{"runId":"WSEXT-1772188569754-400-100","wsClientsTarget":400,"wsOpenOk":145,"wsOpenFail":255,"sendCountTarget":100,"sendOk":100,"sendFailed":0,"firstDeliveryReceived":100,"firstDeliverySuccessRate":1,"wsFanoutEventsReceived":14500,"wsFanoutExpected":14500,"wsFanoutDeliveryRatio":1,"firstDeliveryLatencyMs":{"p50":3.272083000000009,"p95":6.67512499999998,"p99":8.653542000000016,"max":8.682124999999985,"min":2.535667000000103,"avg":3.734275870000003},"parseErrors":0,"durationSec":0.774}
