{"runId":"WSEXT-1772188557933-400-150","wsClientsTarget":400,"wsOpenOk":160,"wsOpenFail":240,"sendCountTarget":150,"sendOk":150,"sendFailed":0,"firstDeliveryReceived":150,"firstDeliverySuccessRate":1,"wsFanoutEventsReceived":23968,"wsFanoutExpected":24000,"wsFanoutDeliveryRatio":0.9986666666666667,"firstDeliveryLatencyMs":{"p50":3.552583000000027,"p95":7.16508300000001,"p99":14.549584000000095,"max":20.398415999999997,"min":2.6054579999999987,"avg":4.097084693333332},"parseErrors":0,"durationSec":1.123}
