{"runId":"WSEXT-1772188553350-50-300","wsClientsTarget":50,"wsOpenOk":50,"wsOpenFail":0,"sendCountTarget":300,"sendOk":300,"sendFailed":0,"firstDeliveryReceived":300,"firstDeliverySuccessRate":1,"wsFanoutEventsReceived":14968,"wsFanoutExpected":15000,"wsFanoutDeliveryRatio":0.9978666666666667,"firstDeliveryLatencyMs":{"p50":3.7837499999999977,"p95":6.9056659999999965,"p99":9.32454100000001,"max":9.927625000000035,"min":2.3017079999999623,"avg":4.201102763333332},"parseErrors":0,"durationSec":1.575}
