{"runId":"WSEXT-1772188559158-800-150","wsClientsTarget":800,"wsOpenOk":162,"wsOpenFail":638,"sendCountTarget":150,"sendOk":150,"sendFailed":0,"firstDeliveryReceived":150,"firstDeliverySuccessRate":1,"wsFanoutEventsReceived":24300,"wsFanoutExpected":24300,"wsFanoutDeliveryRatio":1,"firstDeliveryLatencyMs":{"p50":3.501041999999984,"p95":7.502083999999968,"p99":18.145083,"max":44.55541599999992,"min":2.6030000000000655,"avg":4.45995666},"parseErrors":0,"durationSec":1.274}
